{
	"info": {
		"_postman_id": "912379cd-e76b-427b-88aa-59dfa0329a3d",
		"name": "Mindtree- SpringBoot course",
		"schema": "https://schema.getpostman.com/json/collection/v2.1.0/collection.json",
		"_exporter_id": "5233081"
	},
	"item": [
		{
			"name": "Login",
			"request": {
				"auth": {
					"type": "bearer"
				},
				"method": "POST",
				"header": [],
				"body": {
					"mode": "raw",
					"raw": "{\r\n    \"username\": \"user\",\r\n    \"password\": \"password\"\r\n}",
					"options": {
						"raw": {
							"language": "json"
						}
					}
				},
				"url": {
					"raw": "http://localhost:8090/login",
					"protocol": "http",
					"host": [
						"localhost"
					],
					"port": "8090",
					"path": [
						"login"
					]
				}
			},
			"response": []
		},
		{
			"name": "FindReastaurant",
			"request": {
				"auth": {
					"type": "bearer",
					"bearer": [
						{
							"key": "token",
							"value": "eyJhbGciOiJIUzI1NiJ9.eyJzdWIiOiJ1c2VyIiwicm9sZXMiOiJ1c2VyIiwiaWF0IjoxNjU1ODE3NzQ3LCJleHAiOjE2NTU4MTg2NDd9.qAdXy2u29U4QuA7TubXvgEmYeOHhITqn649Q_nBMxMY",
							"type": "string"
						}
					]
				},
				"method": "POST",
				"header": [],
				"body": {
					"mode": "raw",
					"raw": "{\r\n    \"restaurantName\" : \"Ali baba\",\r\n    \"location\" : \"Newtown- Kolkata\",\r\n    \"cuisine\" : \"\",\r\n    \"budget\" : \"\"\r\n}",
					"options": {
						"raw": {
							"language": "json"
						}
					}
				},
				"url": {
					"raw": "http://localhost:8090/findRestaurants",
					"protocol": "http",
					"host": [
						"localhost"
					],
					"port": "8090",
					"path": [
						"findRestaurants"
					]
				}
			},
			"response": []
		},
		{
			"name": "findRestaurantById",
			"request": {
				"auth": {
					"type": "noauth"
				},
				"method": "GET",
				"header": [],
				"url": {
					"raw": "http://localhost:8090/find/restaurantts/101",
					"protocol": "http",
					"host": [
						"localhost"
					],
					"port": "8090",
					"path": [
						"find",
						"restaurantts",
						"101"
					]
				}
			},
			"response": []
		},
		{
			"name": "place order",
			"request": {
				"auth": {
					"type": "noauth"
				},
				"method": "POST",
				"header": [],
				"body": {
					"mode": "raw",
					"raw": "{\r\n    \"userId\":101,\r\n     \"userName\":\"Subhankar Guchhait\",\r\n     \"items\":[\r\n         {\r\n             \"restaurantId\":101,\r\n             \"menuId\":101,\r\n             \"quantity\":2\r\n         },\r\n          {\r\n             \"restaurantId\":102,\r\n             \"menuId\":103,\r\n             \"quantity\":1\r\n         }\r\n\r\n\r\n     ]\r\n  \r\n}",
					"options": {
						"raw": {
							"language": "json"
						}
					}
				},
				"url": {
					"raw": "http://localhost:8091/order",
					"protocol": "http",
					"host": [
						"localhost"
					],
					"port": "8091",
					"path": [
						"order"
					]
				}
			},
			"response": []
		},
		{
			"name": "View Order",
			"request": {
				"method": "GET",
				"header": [],
				"url": {
					"raw": "http://localhost:8091/order/view/101",
					"protocol": "http",
					"host": [
						"localhost"
					],
					"port": "8091",
					"path": [
						"order",
						"view",
						"101"
					]
				}
			},
			"response": []
		},
		{
			"name": "update Order",
			"request": {
				"method": "POST",
				"header": [],
				"body": {
					"mode": "raw",
					"raw": "{\r\n    \"userId\":101,\r\n    \"orderId\":12,\r\n    \"operation\":\"addQuantity\",\r\n    \"items\":{\r\n        \"restaurantId\" : 101  ,\r\n        \"menuId\":101,\r\n        \"quantity\":1\r\n    }\r\n}",
					"options": {
						"raw": {
							"language": "json"
						}
					}
				},
				"url": {
					"raw": "http://localhost:8091/order/update",
					"protocol": "http",
					"host": [
						"localhost"
					],
					"port": "8091",
					"path": [
						"order",
						"update"
					]
				}
			},
			"response": []
		},
		{
			"name": "cancel order",
			"request": {
				"method": "GET",
				"header": [],
				"url": {
					"raw": "http://localhost:8091/order/cancel/101",
					"protocol": "http",
					"host": [
						"localhost"
					],
					"port": "8091",
					"path": [
						"order",
						"cancel",
						"101"
					]
				}
			},
			"response": []
		}
	]
}